Time,header.seq,header.stamp.secs,header.stamp.nsecs,header.frame_id,Latitude,Longitude,Altitude,HDOP,UTM_easting,UTM_northing,UTC,Zone,Letter
1675628374.2959626,1,73174,0,GPS1_Frame,42.33919143676758,-71.08447265625,10.5,0.8999999761581421,328285.375,4689541.5,201934.000,19,T
1675628375.3041537,2,73175,0,GPS1_Frame,42.33919143676758,-71.08447265625,10.5,0.8999999761581421,328285.375,4689541.5,201935.000,19,T
1675628376.3056874,3,73176,0,GPS1_Frame,42.33919143676758,-71.08447265625,10.5,0.8999999761581421,328285.375,4689541.5,201936.000,19,T
1675628377.3052762,4,73177,0,GPS1_Frame,42.33919143676758,-71.08447265625,10.5,0.8999999761581421,328285.375,4689541.5,201937.000,19,T
1675628378.3034637,5,73178,0,GPS1_Frame,42.33919143676758,-71.08447265625,10.5,0.8999999761581421,328285.375,4689541.5,201938.000,19,T
1675628379.3089948,6,73179,0,GPS1_Frame,42.33919143676758,-71.08447265625,10.5,0.8999999761581421,328285.375,4689541.5,201939.000,19,T
1675628380.3043854,7,73180,0,GPS1_Frame,42.33919143676758,-71.08447265625,10.5,0.8999999761581421,328285.375,4689541.5,201940.000,19,T
1675628381.3049068,8,73181,0,GPS1_Frame,42.33919143676758,-71.08447265625,10.5,0.8999999761581421,328285.375,4689541.5,201941.000,19,T
1675628382.3081117,9,73182,0,GPS1_Frame,42.33919143676758,-71.08447265625,10.5,0.8999999761581421,328285.375,4689541.5,201942.000,19,T
1675628383.3062918,10,73183,0,GPS1_Frame,42.33919143676758,-71.08447265625,10.5,0.8999999761581421,328285.375,4689541.5,201943.000,19,T
1675628384.305043,11,73184,0,GPS1_Frame,42.33919143676758,-71.08447265625,10.5,0.8999999761581421,328285.375,4689541.5,201944.000,19,T
1675628385.3051894,12,73185,0,GPS1_Frame,42.33919143676758,-71.08447265625,10.5,0.8999999761581421,328285.375,4689541.5,201945.000,19,T
1675628386.3048072,13,73186,0,GPS1_Frame,42.33919143676758,-71.08447265625,10.5,0.8999999761581421,328285.375,4689541.5,201946.000,19,T
1675628387.3064606,14,73187,0,GPS1_Frame,42.33919143676758,-71.08447265625,10.5,0.8999999761581421,328285.375,4689541.5,201947.000,19,T
1675628388.323903,15,73188,0,GPS1_Frame,42.33919143676758,-71.08447265625,10.5,0.8999999761581421,328285.375,4689541.5,201948.000,19,T
1675628389.3073697,16,73189,0,GPS1_Frame,42.33919143676758,-71.08447265625,10.5,0.8999999761581421,328285.375,4689541.5,201949.000,19,T
1675628390.3086665,17,73190,0,GPS1_Frame,42.33919143676758,-71.08447265625,10.5,0.8999999761581421,328285.375,4689541.5,201950.000,19,T
1675628391.2989259,18,73191,0,GPS1_Frame,42.33919143676758,-71.08447265625,10.5,0.8999999761581421,328285.375,4689541.5,201951.000,19,T
1675628392.3068745,19,73192,0,GPS1_Frame,42.33919143676758,-71.08447265625,10.5,0.8999999761581421,328285.375,4689541.5,201952.000,19,T
1675628393.303813,20,73193,0,GPS1_Frame,42.33919143676758,-71.08447265625,10.5,0.8999999761581421,328285.375,4689541.5,201953.000,19,T
1675628394.3080876,21,73194,0,GPS1_Frame,42.33919143676758,-71.08447265625,10.5,0.8999999761581421,328285.375,4689541.5,201954.000,19,T
1675628395.2989626,22,73195,0,GPS1_Frame,42.33919143676758,-71.08446502685547,10.5,0.8999999761581421,328285.53125,4689541.5,201955.000,19,T
1675628396.299273,23,73196,0,GPS1_Frame,42.33919143676758,-71.08446502685547,10.5,0.8999999761581421,328285.53125,4689541.5,201956.000,19,T
1675628397.3086784,24,73197,0,GPS1_Frame,42.33919143676758,-71.08446502685547,10.5,0.8999999761581421,328285.53125,4689541.5,201957.000,19,T
1675628398.3099675,25,73198,0,GPS1_Frame,42.33919143676758,-71.08446502685547,10.5,1.0,328285.53125,4689541.5,201958.000,19,T
1675628399.3072922,26,73199,0,GPS1_Frame,42.33919143676758,-71.08446502685547,10.5,1.0,328285.53125,4689541.5,201959.000,19,T
1675628400.307816,27,73200,0,GPS1_Frame,42.33919143676758,-71.08446502685547,10.5,1.0,328285.53125,4689541.5,202000.000,19,T
1675628401.3081055,28,73201,0,GPS1_Frame,42.33919143676758,-71.08446502685547,10.5,1.0,328285.53125,4689541.5,202001.000,19,T
1675628402.2994537,29,73202,0,GPS1_Frame,42.33919143676758,-71.08446502685547,10.5,1.0,328285.53125,4689541.5,202002.000,19,T
1675628403.3079402,30,73203,0,GPS1_Frame,42.33919143676758,-71.08446502685547,10.5,1.0,328285.53125,4689541.5,202003.000,19,T
1675628404.3082073,31,73204,0,GPS1_Frame,42.33919143676758,-71.08446502685547,10.5,1.0,328285.53125,4689541.5,202004.000,19,T
1675628405.3079693,32,73205,0,GPS1_Frame,42.33919143676758,-71.08446502685547,10.5,1.0,328285.53125,4689541.5,202005.000,19,T
1675628406.3063185,33,73206,0,GPS1_Frame,42.33919143676758,-71.08446502685547,10.5,1.0,328285.53125,4689541.5,202006.000,19,T
1675628407.3079505,34,73207,0,GPS1_Frame,42.33919143676758,-71.08446502685547,10.5,1.0,328285.53125,4689541.5,202007.000,19,T
1675628408.30768,35,73208,0,GPS1_Frame,42.33919143676758,-71.08446502685547,10.5,1.0,328285.53125,4689541.5,202008.000,19,T
1675628409.3062532,36,73209,0,GPS1_Frame,42.33919143676758,-71.08446502685547,10.5,1.0,328285.53125,4689541.5,202009.000,19,T
1675628410.3056288,37,73210,0,GPS1_Frame,42.33919143676758,-71.08446502685547,10.5,1.0,328285.53125,4689541.5,202010.000,19,T
1675628411.306764,38,73211,0,GPS1_Frame,42.33919143676758,-71.08446502685547,10.5,1.0,328285.53125,4689541.5,202011.000,19,T
1675628412.306164,39,73212,0,GPS1_Frame,42.33919143676758,-71.08446502685547,10.5,1.0,328285.53125,4689541.5,202012.000,19,T
1675628413.309719,40,73213,0,GPS1_Frame,42.33919143676758,-71.08446502685547,10.5,1.0,328285.53125,4689541.5,202013.000,19,T
1675628414.2978141,41,73214,0,GPS1_Frame,42.33919143676758,-71.08446502685547,10.5,1.0,328285.53125,4689541.5,202014.000,19,T
1675628415.3055093,42,73215,0,GPS1_Frame,42.33919143676758,-71.08446502685547,10.5,1.0,328285.53125,4689541.5,202015.000,19,T
1675628416.3061757,43,73216,0,GPS1_Frame,42.33919143676758,-71.08446502685547,10.5,1.0,328285.53125,4689541.5,202016.000,19,T
1675628417.298035,44,73217,0,GPS1_Frame,42.33919143676758,-71.08446502685547,10.5,1.0,328285.53125,4689541.5,202017.000,19,T
1675628418.3061604,45,73218,0,GPS1_Frame,42.33919143676758,-71.08446502685547,10.5,1.0,328285.53125,4689541.5,202018.000,19,T
1675628419.3078797,46,73219,0,GPS1_Frame,42.33919143676758,-71.08446502685547,10.5,1.0,328285.53125,4689541.5,202019.000,19,T
1675628420.3062682,47,73220,0,GPS1_Frame,42.33919143676758,-71.08446502685547,10.5,1.0,328285.53125,4689541.5,202020.000,19,T
1675628421.3063295,48,73221,0,GPS1_Frame,42.33919143676758,-71.08446502685547,10.5,1.0,328285.53125,4689541.5,202021.000,19,T
1675628422.3052473,49,73222,0,GPS1_Frame,42.33919143676758,-71.08446502685547,10.5,1.0,328285.53125,4689541.5,202022.000,19,T
1675628423.307757,50,73223,0,GPS1_Frame,42.33919143676758,-71.08446502685547,10.5,1.0,328285.53125,4689541.5,202023.000,19,T
1675628424.3148909,51,73224,0,GPS1_Frame,42.33919143676758,-71.08446502685547,10.600000381469727,1.0,328285.53125,4689542.0,202024.000,19,T
1675628425.2968857,52,73225,0,GPS1_Frame,42.33919143676758,-71.08446502685547,10.600000381469727,1.0,328285.53125,4689542.0,202025.000,19,T
1675628426.3089182,53,73226,0,GPS1_Frame,42.33919143676758,-71.08446502685547,10.600000381469727,1.0,328285.53125,4689542.0,202026.000,19,T
1675628427.305969,54,73227,0,GPS1_Frame,42.33919143676758,-71.08446502685547,10.600000381469727,1.0,328285.53125,4689542.0,202027.000,19,T
1675628428.3038332,55,73228,0,GPS1_Frame,42.33919143676758,-71.08446502685547,10.600000381469727,1.0,328285.53125,4689542.0,202028.000,19,T
1675628429.312016,56,73229,0,GPS1_Frame,42.33919143676758,-71.08446502685547,10.600000381469727,1.0,328285.53125,4689542.0,202029.000,19,T
1675628430.303947,57,73230,0,GPS1_Frame,42.33919143676758,-71.08446502685547,10.600000381469727,1.0,328285.53125,4689542.0,202030.000,19,T
1675628431.3065097,58,73231,0,GPS1_Frame,42.33919143676758,-71.08446502685547,10.600000381469727,1.0,328285.53125,4689542.0,202031.000,19,T
1675628432.3105414,59,73232,0,GPS1_Frame,42.33919143676758,-71.08446502685547,10.600000381469727,1.0,328285.53125,4689542.0,202032.000,19,T
1675628433.30628,60,73233,0,GPS1_Frame,42.33919143676758,-71.08446502685547,10.600000381469727,1.0,328285.53125,4689542.0,202033.000,19,T
1675628434.3063512,61,73234,0,GPS1_Frame,42.33919143676758,-71.08446502685547,10.600000381469727,1.0,328285.53125,4689542.0,202034.000,19,T
1675628435.310022,62,73235,0,GPS1_Frame,42.33919143676758,-71.08446502685547,10.600000381469727,1.0,328285.53125,4689542.0,202035.000,19,T
1675628436.306993,63,73236,0,GPS1_Frame,42.33919143676758,-71.08446502685547,10.600000381469727,1.0,328285.53125,4689542.0,202036.000,19,T
1675628437.307447,64,73237,0,GPS1_Frame,42.33919143676758,-71.08446502685547,10.600000381469727,1.0,328285.53125,4689542.0,202037.000,19,T
1675628438.3290763,65,73238,0,GPS1_Frame,42.33919143676758,-71.08446502685547,10.600000381469727,1.0,328285.53125,4689542.0,202038.000,19,T
1675628439.3105097,66,73239,0,GPS1_Frame,42.33919143676758,-71.08446502685547,10.600000381469727,1.0,328285.53125,4689542.0,202039.000,19,T
1675628440.3053987,67,73240,0,GPS1_Frame,42.33919143676758,-71.08446502685547,10.600000381469727,1.0,328285.53125,4689542.0,202040.000,19,T
1675628441.3075597,68,73241,0,GPS1_Frame,42.33919143676758,-71.08446502685547,10.600000381469727,1.0,328285.53125,4689542.0,202041.000,19,T
1675628442.3064265,69,73242,0,GPS1_Frame,42.33919143676758,-71.08446502685547,10.699999809265137,1.0,328285.53125,4689542.0,202042.000,19,T
1675628443.2998116,70,73243,0,GPS1_Frame,42.33919143676758,-71.08446502685547,10.699999809265137,1.0,328285.53125,4689542.0,202043.000,19,T
1675628444.3067036,71,73244,0,GPS1_Frame,42.33919143676758,-71.08446502685547,10.699999809265137,1.0,328285.53125,4689542.0,202044.000,19,T
1675628445.3083136,72,73245,0,GPS1_Frame,42.33919143676758,-71.08446502685547,10.699999809265137,1.2000000476837158,328285.53125,4689542.0,202045.000,19,T
1675628446.305682,73,73246,0,GPS1_Frame,42.33919143676758,-71.08446502685547,10.699999809265137,1.2000000476837158,328285.53125,4689542.0,202046.000,19,T
1675628447.3095994,74,73247,0,GPS1_Frame,42.33919143676758,-71.08446502685547,10.699999809265137,1.0,328285.53125,4689542.0,202047.000,19,T
1675628448.3100257,75,73248,0,GPS1_Frame,42.33919143676758,-71.08446502685547,10.699999809265137,1.0,328285.53125,4689542.0,202048.000,19,T
1675628449.3089166,76,73249,0,GPS1_Frame,42.33919143676758,-71.08446502685547,10.699999809265137,1.0,328285.53125,4689542.0,202049.000,19,T
1675628450.3061259,77,73250,0,GPS1_Frame,42.33919143676758,-71.08446502685547,10.699999809265137,1.2000000476837158,328285.53125,4689542.0,202050.000,19,T
1675628451.3055522,78,73251,0,GPS1_Frame,42.33919143676758,-71.08446502685547,10.699999809265137,1.2000000476837158,328285.53125,4689542.0,202051.000,19,T
1675628452.3041532,79,73252,0,GPS1_Frame,42.33919143676758,-71.08446502685547,10.699999809265137,1.2000000476837158,328285.53125,4689542.0,202052.000,19,T
1675628453.2861335,80,73253,0,GPS1_Frame,42.33919143676758,-71.08446502685547,10.699999809265137,1.2000000476837158,328285.53125,4689542.0,202053.000,19,T
1675628454.3060431,81,73254,0,GPS1_Frame,42.33919143676758,-71.08446502685547,10.699999809265137,1.2000000476837158,328285.53125,4689542.0,202054.000,19,T
1675628455.2852807,82,73255,0,GPS1_Frame,42.33919143676758,-71.08446502685547,10.699999809265137,1.2000000476837158,328285.53125,4689542.0,202055.000,19,T
1675628456.2852452,83,73256,0,GPS1_Frame,42.33919143676758,-71.08446502685547,10.699999809265137,1.2000000476837158,328285.53125,4689542.0,202056.000,19,T
1675628457.2830355,84,73257,0,GPS1_Frame,42.33919143676758,-71.08446502685547,10.699999809265137,1.2000000476837158,328285.53125,4689542.0,202057.000,19,T
1675628458.284877,85,73258,0,GPS1_Frame,42.33919143676758,-71.08446502685547,10.699999809265137,1.2000000476837158,328285.53125,4689542.0,202058.000,19,T
1675628459.2964115,86,73259,0,GPS1_Frame,42.33919143676758,-71.08446502685547,10.699999809265137,1.2000000476837158,328285.53125,4689542.0,202059.000,19,T
1675628460.286256,87,73260,0,GPS1_Frame,42.33919143676758,-71.08446502685547,10.699999809265137,1.2000000476837158,328285.53125,4689542.0,202100.000,19,T
1675628461.3055563,88,73261,0,GPS1_Frame,42.33919143676758,-71.08446502685547,10.699999809265137,1.2000000476837158,328285.53125,4689542.0,202101.000,19,T
1675628462.2958214,89,73262,0,GPS1_Frame,42.33919143676758,-71.08446502685547,10.699999809265137,1.2000000476837158,328285.53125,4689542.0,202102.000,19,T
1675628463.303316,90,73263,0,GPS1_Frame,42.33919143676758,-71.08446502685547,10.699999809265137,1.2000000476837158,328285.53125,4689542.0,202103.000,19,T
1675628464.2902367,91,73264,0,GPS1_Frame,42.33919143676758,-71.08446502685547,10.699999809265137,1.2000000476837158,328285.53125,4689542.0,202104.000,19,T
1675628465.304965,92,73265,0,GPS1_Frame,42.33919143676758,-71.08446502685547,10.699999809265137,1.2000000476837158,328285.53125,4689542.0,202105.000,19,T
1675628466.3042593,93,73266,0,GPS1_Frame,42.33919143676758,-71.08446502685547,10.699999809265137,1.2000000476837158,328285.53125,4689542.0,202106.000,19,T
1675628467.3071313,94,73267,0,GPS1_Frame,42.33919143676758,-71.08446502685547,10.699999809265137,1.2000000476837158,328285.53125,4689542.0,202107.000,19,T
1675628468.2828894,95,73268,0,GPS1_Frame,42.33919143676758,-71.08446502685547,10.600000381469727,1.2000000476837158,328285.53125,4689542.0,202108.000,19,T
1675628469.3049543,96,73269,0,GPS1_Frame,42.33919143676758,-71.08446502685547,10.600000381469727,1.2000000476837158,328285.53125,4689542.0,202109.000,19,T
1675628470.3022218,97,73270,0,GPS1_Frame,42.33919143676758,-71.08446502685547,10.600000381469727,1.2000000476837158,328285.53125,4689542.0,202110.000,19,T
1675628471.302522,98,73271,0,GPS1_Frame,42.33919143676758,-71.08446502685547,10.600000381469727,1.2000000476837158,328285.53125,4689542.0,202111.000,19,T
1675628472.2873535,99,73272,0,GPS1_Frame,42.33919143676758,-71.08446502685547,10.600000381469727,1.2000000476837158,328285.53125,4689542.0,202112.000,19,T
1675628473.3069415,100,73273,0,GPS1_Frame,42.33919143676758,-71.08446502685547,10.600000381469727,1.0,328285.53125,4689542.0,202113.000,19,T
1675628474.294716,101,73274,0,GPS1_Frame,42.33919143676758,-71.08446502685547,10.600000381469727,1.0,328285.53125,4689542.0,202114.000,19,T
1675628475.3046925,102,73275,0,GPS1_Frame,42.33919143676758,-71.08447265625,10.600000381469727,1.0,328285.375,4689542.0,202115.000,19,T
1675628476.305206,103,73276,0,GPS1_Frame,42.33919143676758,-71.08447265625,10.600000381469727,1.0,328285.375,4689542.0,202116.000,19,T
1675628477.3058853,104,73277,0,GPS1_Frame,42.33919143676758,-71.08447265625,10.600000381469727,1.0,328285.375,4689542.0,202117.000,19,T
1675628478.305031,105,73278,0,GPS1_Frame,42.33919143676758,-71.08447265625,10.600000381469727,1.0,328285.375,4689542.0,202118.000,19,T
1675628479.3099675,106,73279,0,GPS1_Frame,42.33919143676758,-71.08447265625,10.600000381469727,1.0,328285.375,4689541.5,202119.000,19,T
1675628480.305872,107,73280,0,GPS1_Frame,42.33919143676758,-71.08447265625,10.600000381469727,1.0,328285.375,4689541.5,202120.000,19,T
1675628481.3075802,108,73281,0,GPS1_Frame,42.33919143676758,-71.08447265625,10.600000381469727,1.0,328285.375,4689541.5,202121.000,19,T
1675628482.3065598,109,73282,0,GPS1_Frame,42.33919143676758,-71.08447265625,10.600000381469727,1.0,328285.375,4689541.5,202122.000,19,T
1675628483.28821,110,73283,0,GPS1_Frame,42.33919143676758,-71.08447265625,10.600000381469727,1.0,328285.375,4689541.5,202123.000,19,T
1675628484.3072364,111,73284,0,GPS1_Frame,42.33919143676758,-71.08447265625,10.600000381469727,1.0,328285.375,4689541.5,202124.000,19,T
1675628485.3005517,112,73285,0,GPS1_Frame,42.33919143676758,-71.08447265625,10.600000381469727,1.0,328285.375,4689541.5,202125.000,19,T
1675628486.303861,113,73286,0,GPS1_Frame,42.33919143676758,-71.08447265625,10.600000381469727,1.0,328285.375,4689541.5,202126.000,19,T
1675628487.2860968,114,73287,0,GPS1_Frame,42.33919143676758,-71.08447265625,10.600000381469727,1.0,328285.375,4689541.5,202127.000,19,T
1675628488.3087878,115,73288,0,GPS1_Frame,42.33919143676758,-71.08447265625,10.5,1.0,328285.375,4689541.5,202128.000,19,T
1675628489.3226697,116,73289,0,GPS1_Frame,42.33919143676758,-71.08447265625,10.5,1.0,328285.375,4689541.5,202129.000,19,T
1675628490.3064206,117,73290,0,GPS1_Frame,42.33919143676758,-71.08447265625,10.5,1.0,328285.375,4689541.5,202130.000,19,T
1675628491.308928,118,73291,0,GPS1_Frame,42.33919143676758,-71.08447265625,10.5,1.0,328285.375,4689541.5,202131.000,19,T
1675628492.308045,119,73292,0,GPS1_Frame,42.33919143676758,-71.08447265625,10.5,1.0,328285.375,4689541.5,202132.000,19,T
1675628493.3081589,120,73293,0,GPS1_Frame,42.33919143676758,-71.08447265625,10.5,1.0,328285.375,4689541.5,202133.000,19,T
1675628494.3075747,121,73294,0,GPS1_Frame,42.33919143676758,-71.08447265625,10.5,1.0,328285.375,4689541.5,202134.000,19,T
1675628495.3104317,122,73295,0,GPS1_Frame,42.33919143676758,-71.08447265625,10.5,1.0,328285.375,4689541.5,202135.000,19,T
1675628496.3102753,123,73296,0,GPS1_Frame,42.33919143676758,-71.08447265625,10.5,1.0,328285.375,4689541.5,202136.000,19,T
1675628497.3096354,124,73297,0,GPS1_Frame,42.33919143676758,-71.08447265625,10.5,1.0,328285.375,4689541.5,202137.000,19,T
1675628498.308322,125,73298,0,GPS1_Frame,42.33919143676758,-71.08447265625,10.5,1.0,328285.375,4689541.5,202138.000,19,T
1675628499.3163493,126,73299,0,GPS1_Frame,42.33919143676758,-71.08447265625,10.5,1.0,328285.375,4689541.5,202139.000,19,T
1675628500.309265,127,73300,0,GPS1_Frame,42.33919143676758,-71.08447265625,10.5,1.0,328285.375,4689541.5,202140.000,19,T
1675628501.3075686,128,73301,0,GPS1_Frame,42.33919143676758,-71.08447265625,10.5,1.0,328285.375,4689541.5,202141.000,19,T
1675628502.309167,129,73302,0,GPS1_Frame,42.33919143676758,-71.08447265625,10.5,1.0,328285.375,4689541.5,202142.000,19,T
1675628503.311832,130,73303,0,GPS1_Frame,42.33919143676758,-71.08447265625,10.5,1.0,328285.375,4689541.5,202143.000,19,T
1675628504.308556,131,73304,0,GPS1_Frame,42.33919143676758,-71.08447265625,10.5,1.0,328285.375,4689541.5,202144.000,19,T
1675628505.3073063,132,73305,0,GPS1_Frame,42.33919143676758,-71.08447265625,10.5,1.0,328285.375,4689541.5,202145.000,19,T
1675628506.3084764,133,73306,0,GPS1_Frame,42.33919143676758,-71.08447265625,10.5,1.0,328285.375,4689541.5,202146.000,19,T
1675628507.3071399,134,73307,0,GPS1_Frame,42.33919143676758,-71.08447265625,10.5,1.0,328285.375,4689541.5,202147.000,19,T
1675628508.3053942,135,73308,0,GPS1_Frame,42.33919143676758,-71.08447265625,10.5,1.0,328285.375,4689541.5,202148.000,19,T
1675628509.3003514,136,73309,0,GPS1_Frame,42.33919143676758,-71.08447265625,10.5,1.0,328285.375,4689541.5,202149.000,19,T
1675628510.2962954,137,73310,0,GPS1_Frame,42.33919143676758,-71.08447265625,10.5,1.0,328285.375,4689541.5,202150.000,19,T
1675628511.2990186,138,73311,0,GPS1_Frame,42.33919143676758,-71.08447265625,10.5,1.0,328285.375,4689541.5,202151.000,19,T
1675628512.3066304,139,73312,0,GPS1_Frame,42.33919143676758,-71.08447265625,10.5,1.0,328285.375,4689541.5,202152.000,19,T
1675628513.3069828,140,73313,0,GPS1_Frame,42.33919143676758,-71.08447265625,10.5,1.0,328285.375,4689541.5,202153.000,19,T
1675628514.306769,141,73314,0,GPS1_Frame,42.33919143676758,-71.08447265625,10.5,1.0,328285.375,4689541.5,202154.000,19,T
1675628515.3139338,142,73315,0,GPS1_Frame,42.33919143676758,-71.08447265625,10.5,1.0,328285.25,4689541.5,202155.000,19,T
1675628516.305331,143,73316,0,GPS1_Frame,42.33919143676758,-71.08447265625,10.5,1.0,328285.25,4689541.5,202156.000,19,T
1675628517.2966764,144,73317,0,GPS1_Frame,42.33919143676758,-71.08447265625,10.5,1.0,328285.25,4689541.5,202157.000,19,T
1675628518.3052585,145,73318,0,GPS1_Frame,42.33919143676758,-71.08447265625,10.5,1.0,328285.25,4689541.5,202158.000,19,T
1675628519.3075397,146,73319,0,GPS1_Frame,42.33919143676758,-71.08447265625,10.5,1.0,328285.25,4689541.5,202159.000,19,T
1675628520.295485,147,73320,0,GPS1_Frame,42.33919143676758,-71.08447265625,10.5,1.0,328285.25,4689541.5,202200.000,19,T
1675628521.3067827,148,73321,0,GPS1_Frame,42.33919143676758,-71.08447265625,10.5,1.0,328285.25,4689541.5,202201.000,19,T
1675628522.3064318,149,73322,0,GPS1_Frame,42.33919143676758,-71.08447265625,10.5,1.0,328285.25,4689541.5,202202.000,19,T
1675628523.3081996,150,73323,0,GPS1_Frame,42.33919143676758,-71.08447265625,10.5,1.0,328285.25,4689541.5,202203.000,19,T
1675628524.3074749,151,73324,0,GPS1_Frame,42.33919143676758,-71.08447265625,10.5,1.0,328285.25,4689541.5,202204.000,19,T
1675628525.3081543,152,73325,0,GPS1_Frame,42.33919143676758,-71.08447265625,10.5,1.0,328285.25,4689541.5,202205.000,19,T
1675628526.3066885,153,73326,0,GPS1_Frame,42.33919143676758,-71.08447265625,10.5,1.0,328285.25,4689541.5,202206.000,19,T
1675628527.3114367,154,73327,0,GPS1_Frame,42.33919143676758,-71.08447265625,10.5,1.0,328285.25,4689541.5,202207.000,19,T
1675628528.3078308,155,73328,0,GPS1_Frame,42.33919143676758,-71.08447265625,10.5,1.0,328285.25,4689541.5,202208.000,19,T
1675628529.3110366,156,73329,0,GPS1_Frame,42.33919143676758,-71.08447265625,10.5,1.0,328285.25,4689541.5,202209.000,19,T
1675628530.3072348,157,73330,0,GPS1_Frame,42.33919143676758,-71.08447265625,10.5,1.0,328285.25,4689541.5,202210.000,19,T
1675628531.2939813,158,73331,0,GPS1_Frame,42.33919143676758,-71.08447265625,10.5,1.0,328285.25,4689541.5,202211.000,19,T
1675628532.3096955,159,73332,0,GPS1_Frame,42.33919143676758,-71.08447265625,10.5,1.0,328285.25,4689541.5,202212.000,19,T
1675628533.3087373,160,73333,0,GPS1_Frame,42.33919143676758,-71.08447265625,10.5,1.0,328285.25,4689541.5,202213.000,19,T
1675628534.308401,161,73334,0,GPS1_Frame,42.33919143676758,-71.08447265625,10.5,1.0,328285.25,4689541.5,202214.000,19,T
1675628535.3080394,162,73335,0,GPS1_Frame,42.33919143676758,-71.08447265625,10.5,1.0,328285.25,4689541.5,202215.000,19,T
1675628536.3086042,163,73336,0,GPS1_Frame,42.33919143676758,-71.08447265625,10.5,1.0,328285.25,4689541.5,202216.000,19,T
1675628537.3061578,164,73337,0,GPS1_Frame,42.33919143676758,-71.08447265625,10.5,1.0,328285.25,4689541.5,202217.000,19,T
1675628538.3070142,165,73338,0,GPS1_Frame,42.33919143676758,-71.08447265625,10.5,1.0,328285.25,4689541.5,202218.000,19,T
1675628539.3107243,166,73339,0,GPS1_Frame,42.33919143676758,-71.08447265625,10.399999618530273,1.0,328285.25,4689541.5,202219.000,19,T
1675628540.323404,167,73340,0,GPS1_Frame,42.33919143676758,-71.08447265625,10.399999618530273,1.0,328285.25,4689541.5,202220.000,19,T
1675628541.3056166,168,73341,0,GPS1_Frame,42.33919143676758,-71.08447265625,10.399999618530273,1.0,328285.25,4689541.5,202221.000,19,T
1675628542.3058138,169,73342,0,GPS1_Frame,42.33919143676758,-71.08447265625,10.399999618530273,1.0,328285.25,4689541.5,202222.000,19,T
1675628543.3002107,170,73343,0,GPS1_Frame,42.33919143676758,-71.08447265625,10.399999618530273,1.0,328285.25,4689541.5,202223.000,19,T
1675628544.3060427,171,73344,0,GPS1_Frame,42.33919143676758,-71.08447265625,10.399999618530273,1.0,328285.25,4689541.5,202224.000,19,T
1675628545.3066037,172,73345,0,GPS1_Frame,42.33919143676758,-71.08447265625,10.399999618530273,1.0,328285.25,4689541.5,202225.000,19,T
1675628546.3044794,173,73346,0,GPS1_Frame,42.33919143676758,-71.08447265625,10.399999618530273,1.0,328285.25,4689541.5,202226.000,19,T
1675628547.3070743,174,73347,0,GPS1_Frame,42.33919143676758,-71.08447265625,10.399999618530273,1.0,328285.25,4689541.5,202227.000,19,T
1675628548.306802,175,73348,0,GPS1_Frame,42.33919143676758,-71.08447265625,10.399999618530273,1.0,328285.25,4689541.5,202228.000,19,T
1675628549.3068802,176,73349,0,GPS1_Frame,42.33919143676758,-71.08447265625,10.399999618530273,1.0,328285.25,4689541.5,202229.000,19,T
1675628550.3082929,177,73350,0,GPS1_Frame,42.33919143676758,-71.08447265625,10.399999618530273,1.0,328285.25,4689541.5,202230.000,19,T
1675628551.2982247,178,73351,0,GPS1_Frame,42.33919143676758,-71.08447265625,10.399999618530273,1.0,328285.25,4689541.5,202231.000,19,T
1675628552.2872021,179,73352,0,GPS1_Frame,42.33919143676758,-71.08447265625,10.399999618530273,1.0,328285.25,4689541.5,202232.000,19,T
1675628553.2986398,180,73353,0,GPS1_Frame,42.33919143676758,-71.08447265625,10.399999618530273,1.0,328285.25,4689541.5,202233.000,19,T
1675628554.3072324,181,73354,0,GPS1_Frame,42.33919143676758,-71.08447265625,10.399999618530273,1.0,328285.25,4689541.5,202234.000,19,T
1675628555.2873223,182,73355,0,GPS1_Frame,42.33919143676758,-71.08447265625,10.399999618530273,1.0,328285.25,4689541.5,202235.000,19,T
1675628556.287319,183,73356,0,GPS1_Frame,42.33919143676758,-71.08447265625,10.399999618530273,1.0,328285.25,4689541.5,202236.000,19,T
1675628557.298434,184,73357,0,GPS1_Frame,42.33919143676758,-71.08447265625,10.399999618530273,1.0,328285.25,4689541.5,202237.000,19,T
1675628558.2962887,185,73358,0,GPS1_Frame,42.33919143676758,-71.08447265625,10.399999618530273,1.0,328285.25,4689541.5,202238.000,19,T
1675628559.3060012,186,73359,0,GPS1_Frame,42.33919143676758,-71.08447265625,10.399999618530273,1.0,328285.25,4689541.5,202239.000,19,T
1675628560.3074405,187,73360,0,GPS1_Frame,42.33919143676758,-71.08447265625,10.399999618530273,1.0,328285.25,4689541.5,202240.000,19,T
1675628561.2975595,188,73361,0,GPS1_Frame,42.33919143676758,-71.08447265625,10.399999618530273,1.0,328285.25,4689541.5,202241.000,19,T
1675628562.2965906,189,73362,0,GPS1_Frame,42.33919143676758,-71.08447265625,10.399999618530273,1.0,328285.25,4689541.5,202242.000,19,T
1675628563.308158,190,73363,0,GPS1_Frame,42.33919143676758,-71.08447265625,10.399999618530273,1.0,328285.25,4689541.5,202243.000,19,T
1675628564.2988102,191,73364,0,GPS1_Frame,42.33919143676758,-71.08447265625,10.399999618530273,1.0,328285.25,4689541.5,202244.000,19,T
1675628565.297186,192,73365,0,GPS1_Frame,42.33919143676758,-71.08447265625,10.399999618530273,1.0,328285.25,4689541.5,202245.000,19,T
1675628566.3061607,193,73366,0,GPS1_Frame,42.33919143676758,-71.08447265625,10.399999618530273,1.0,328285.25,4689541.5,202246.000,19,T
1675628567.3003967,194,73367,0,GPS1_Frame,42.33919143676758,-71.08447265625,10.399999618530273,1.0,328285.25,4689541.5,202247.000,19,T
1675628568.306867,195,73368,0,GPS1_Frame,42.33919143676758,-71.08447265625,10.399999618530273,1.0,328285.25,4689541.5,202248.000,19,T
1675628569.30876,196,73369,0,GPS1_Frame,42.33919143676758,-71.08447265625,10.399999618530273,1.0,328285.25,4689541.5,202249.000,19,T
1675628570.3061883,197,73370,0,GPS1_Frame,42.33919143676758,-71.08447265625,10.399999618530273,1.0,328285.25,4689541.5,202250.000,19,T
1675628571.307506,198,73371,0,GPS1_Frame,42.33919143676758,-71.08447265625,10.399999618530273,1.0,328285.25,4689541.5,202251.000,19,T
1675628572.30618,199,73372,0,GPS1_Frame,42.33919143676758,-71.08447265625,10.399999618530273,1.0,328285.25,4689541.5,202252.000,19,T
1675628573.307258,200,73373,0,GPS1_Frame,42.33919143676758,-71.08447265625,10.399999618530273,1.0,328285.25,4689541.5,202253.000,19,T
1675628574.3051684,201,73374,0,GPS1_Frame,42.33919143676758,-71.08447265625,10.399999618530273,1.0,328285.25,4689541.5,202254.000,19,T
1675628575.298537,202,73375,0,GPS1_Frame,42.33919143676758,-71.08447265625,10.399999618530273,1.0,328285.25,4689541.5,202255.000,19,T
1675628576.2971408,203,73376,0,GPS1_Frame,42.33919143676758,-71.08447265625,10.399999618530273,1.0,328285.25,4689541.5,202256.000,19,T
1675628577.2970078,204,73377,0,GPS1_Frame,42.33919143676758,-71.08447265625,10.399999618530273,1.0,328285.25,4689541.5,202257.000,19,T
1675628578.2952619,205,73378,0,GPS1_Frame,42.33919143676758,-71.08447265625,10.399999618530273,1.0,328285.25,4689541.5,202258.000,19,T
1675628579.3042681,206,73379,0,GPS1_Frame,42.33919143676758,-71.08447265625,10.399999618530273,1.0,328285.25,4689541.5,202259.000,19,T
1675628580.297866,207,73380,0,GPS1_Frame,42.33919143676758,-71.08447265625,10.399999618530273,1.0,328285.25,4689541.5,202300.000,19,T
1675628581.2877195,208,73381,0,GPS1_Frame,42.33919143676758,-71.08447265625,10.399999618530273,1.0,328285.25,4689541.5,202301.000,19,T
1675628582.3066947,209,73382,0,GPS1_Frame,42.33919143676758,-71.08447265625,10.399999618530273,1.0,328285.25,4689541.5,202302.000,19,T
1675628583.2851133,210,73383,0,GPS1_Frame,42.33919143676758,-71.08447265625,10.399999618530273,1.0,328285.25,4689541.5,202303.000,19,T
1675628584.3108256,211,73384,0,GPS1_Frame,42.33919143676758,-71.08447265625,10.399999618530273,1.0,328285.25,4689541.5,202304.000,19,T
1675628585.3118184,212,73385,0,GPS1_Frame,42.33919143676758,-71.08447265625,10.399999618530273,1.0,328285.25,4689541.5,202305.000,19,T
1675628586.3133934,213,73386,0,GPS1_Frame,42.33919143676758,-71.08447265625,10.399999618530273,1.0,328285.25,4689541.5,202306.000,19,T
1675628587.3112686,214,73387,0,GPS1_Frame,42.33919143676758,-71.08447265625,10.399999618530273,1.0,328285.25,4689541.5,202307.000,19,T
1675628588.312484,215,73388,0,GPS1_Frame,42.33919143676758,-71.08447265625,10.399999618530273,1.0,328285.25,4689541.5,202308.000,19,T
1675628589.311776,216,73389,0,GPS1_Frame,42.33919143676758,-71.08447265625,10.399999618530273,1.0,328285.25,4689541.5,202309.000,19,T
1675628590.3281722,217,73390,0,GPS1_Frame,42.33919143676758,-71.08447265625,10.399999618530273,1.0,328285.25,4689541.5,202310.000,19,T
1675628591.3097048,218,73391,0,GPS1_Frame,42.33919143676758,-71.08447265625,10.399999618530273,1.0,328285.25,4689541.5,202311.000,19,T
1675628592.3072586,219,73392,0,GPS1_Frame,42.33919143676758,-71.08447265625,10.399999618530273,1.0,328285.25,4689541.5,202312.000,19,T
1675628593.3086252,220,73393,0,GPS1_Frame,42.33919143676758,-71.08447265625,10.399999618530273,1.0,328285.25,4689541.5,202313.000,19,T
1675628594.3053055,221,73394,0,GPS1_Frame,42.33919143676758,-71.08447265625,10.399999618530273,1.0,328285.25,4689541.5,202314.000,19,T
1675628595.306401,222,73395,0,GPS1_Frame,42.33919143676758,-71.08447265625,10.399999618530273,1.0,328285.25,4689541.5,202315.000,19,T
1675628596.29735,223,73396,0,GPS1_Frame,42.33919143676758,-71.08447265625,10.399999618530273,1.0,328285.25,4689541.5,202316.000,19,T
1675628597.3071952,224,73397,0,GPS1_Frame,42.33919143676758,-71.08447265625,10.399999618530273,1.0,328285.25,4689541.5,202317.000,19,T
1675628598.3068535,225,73398,0,GPS1_Frame,42.33919143676758,-71.08447265625,10.399999618530273,1.0,328285.25,4689541.5,202318.000,19,T
1675628599.2998555,226,73399,0,GPS1_Frame,42.33919143676758,-71.08447265625,10.399999618530273,1.0,328285.25,4689541.5,202319.000,19,T
1675628600.3075116,227,73400,0,GPS1_Frame,42.33919143676758,-71.08447265625,10.399999618530273,1.0,328285.25,4689541.5,202320.000,19,T
1675628601.3069832,228,73401,0,GPS1_Frame,42.33919143676758,-71.08447265625,10.399999618530273,1.0,328285.25,4689541.5,202321.000,19,T
1675628602.3060582,229,73402,0,GPS1_Frame,42.33919143676758,-71.08447265625,10.399999618530273,1.0,328285.25,4689541.5,202322.000,19,T
1675628603.28796,230,73403,0,GPS1_Frame,42.33919143676758,-71.08447265625,10.399999618530273,1.0,328285.25,4689541.5,202323.000,19,T
1675628604.2876163,231,73404,0,GPS1_Frame,42.33919143676758,-71.08447265625,10.399999618530273,1.0,328285.25,4689541.5,202324.000,19,T
1675628605.2882433,232,73405,0,GPS1_Frame,42.33919143676758,-71.08447265625,10.399999618530273,1.0,328285.25,4689541.5,202325.000,19,T
1675628606.2978067,233,73406,0,GPS1_Frame,42.33919143676758,-71.08447265625,10.399999618530273,1.0,328285.25,4689541.5,202326.000,19,T
1675628607.2881973,234,73407,0,GPS1_Frame,42.33919143676758,-71.08447265625,10.399999618530273,1.0,328285.25,4689541.5,202327.000,19,T
1675628608.2881122,235,73408,0,GPS1_Frame,42.33919143676758,-71.08447265625,10.399999618530273,1.0,328285.25,4689541.5,202328.000,19,T
1675628609.2968981,236,73409,0,GPS1_Frame,42.33919143676758,-71.08447265625,10.399999618530273,1.0,328285.25,4689541.5,202329.000,19,T
1675628610.2875385,237,73410,0,GPS1_Frame,42.33919143676758,-71.08447265625,10.399999618530273,1.0,328285.25,4689541.5,202330.000,19,T
1675628611.29238,238,73411,0,GPS1_Frame,42.33919143676758,-71.08447265625,10.399999618530273,1.0,328285.25,4689541.5,202331.000,19,T
1675628612.3064723,239,73412,0,GPS1_Frame,42.33919143676758,-71.08447265625,10.399999618530273,1.0,328285.25,4689541.5,202332.000,19,T
1675628613.306142,240,73413,0,GPS1_Frame,42.33919143676758,-71.08447265625,10.399999618530273,1.0,328285.25,4689541.5,202333.000,19,T
1675628614.312353,241,73414,0,GPS1_Frame,42.33919143676758,-71.08447265625,10.399999618530273,1.0,328285.25,4689541.5,202334.000,19,T
1675628615.311948,242,73415,0,GPS1_Frame,42.33919143676758,-71.08447265625,10.399999618530273,1.0,328285.25,4689541.5,202335.000,19,T
1675628616.3107665,243,73416,0,GPS1_Frame,42.33919143676758,-71.08447265625,10.399999618530273,1.0,328285.25,4689541.5,202336.000,19,T
1675628617.3093436,244,73417,0,GPS1_Frame,42.33919143676758,-71.08447265625,10.399999618530273,1.0,328285.25,4689541.5,202337.000,19,T
1675628618.3072774,245,73418,0,GPS1_Frame,42.33919143676758,-71.08447265625,10.399999618530273,1.0,328285.25,4689541.5,202338.000,19,T
1675628619.3119023,246,73419,0,GPS1_Frame,42.33919143676758,-71.08447265625,10.399999618530273,1.0,328285.25,4689541.5,202339.000,19,T
1675628620.3085196,247,73420,0,GPS1_Frame,42.33919143676758,-71.08447265625,10.399999618530273,1.0,328285.25,4689541.5,202340.000,19,T
1675628621.2887552,248,73421,0,GPS1_Frame,42.33919143676758,-71.08447265625,10.399999618530273,1.0,328285.25,4689541.5,202341.000,19,T
1675628622.3110871,249,73422,0,GPS1_Frame,42.33919143676758,-71.08447265625,10.399999618530273,1.0,328285.25,4689541.5,202342.000,19,T
1675628623.3086903,250,73423,0,GPS1_Frame,42.33919143676758,-71.08447265625,10.399999618530273,1.0,328285.25,4689541.5,202343.000,19,T
1675628624.287865,251,73424,0,GPS1_Frame,42.33919143676758,-71.08447265625,10.399999618530273,1.0,328285.25,4689541.5,202344.000,19,T
1675628625.3139517,252,73425,0,GPS1_Frame,42.33919143676758,-71.08447265625,10.399999618530273,1.0,328285.25,4689541.5,202345.000,19,T
1675628626.3075101,253,73426,0,GPS1_Frame,42.33919143676758,-71.08447265625,10.399999618530273,1.0,328285.375,4689541.5,202346.000,19,T
1675628627.286881,254,73427,0,GPS1_Frame,42.33919143676758,-71.08447265625,10.399999618530273,1.0,328285.375,4689541.5,202347.000,19,T
1675628628.3065014,255,73428,0,GPS1_Frame,42.33919143676758,-71.08447265625,10.399999618530273,1.0,328285.375,4689541.5,202348.000,19,T
1675628629.3018355,256,73429,0,GPS1_Frame,42.33919143676758,-71.08447265625,10.399999618530273,1.0,328285.375,4689541.5,202349.000,19,T
1675628630.3078978,257,73430,0,GPS1_Frame,42.33919143676758,-71.08447265625,10.399999618530273,1.0,328285.375,4689541.5,202350.000,19,T
1675628631.307441,258,73431,0,GPS1_Frame,42.33919143676758,-71.08447265625,10.399999618530273,1.0,328285.375,4689541.5,202351.000,19,T
1675628632.3077898,259,73432,0,GPS1_Frame,42.33919143676758,-71.08447265625,10.399999618530273,1.0,328285.375,4689541.5,202352.000,19,T
1675628633.2997293,260,73433,0,GPS1_Frame,42.33919143676758,-71.08447265625,10.399999618530273,1.0,328285.375,4689541.5,202353.000,19,T
1675628634.3085403,261,73434,0,GPS1_Frame,42.33919143676758,-71.08447265625,10.399999618530273,1.0,328285.375,4689541.5,202354.000,19,T
1675628635.3092883,262,73435,0,GPS1_Frame,42.33919143676758,-71.08447265625,10.399999618530273,1.0,328285.375,4689541.5,202355.000,19,T
1675628636.2986834,263,73436,0,GPS1_Frame,42.33919143676758,-71.08447265625,10.399999618530273,1.0,328285.375,4689541.5,202356.000,19,T
1675628637.3071833,264,73437,0,GPS1_Frame,42.33919143676758,-71.08447265625,10.399999618530273,1.0,328285.375,4689541.5,202357.000,19,T
1675628638.3050332,265,73438,0,GPS1_Frame,42.33919143676758,-71.08447265625,10.399999618530273,1.0,328285.375,4689541.5,202358.000,19,T
1675628639.3056471,266,73439,0,GPS1_Frame,42.33919143676758,-71.08447265625,10.399999618530273,1.0,328285.375,4689541.5,202359.000,19,T
1675628640.2980123,267,73440,0,GPS1_Frame,42.33919143676758,-71.08447265625,10.399999618530273,1.0,328285.375,4689541.5,202400.000,19,T
1675628641.3158987,268,73441,0,GPS1_Frame,42.33919143676758,-71.08447265625,10.399999618530273,1.0,328285.375,4689541.5,202401.000,19,T
1675628642.2969272,269,73442,0,GPS1_Frame,42.33919143676758,-71.08447265625,10.399999618530273,1.0,328285.375,4689541.5,202402.000,19,T
1675628643.3073952,270,73443,0,GPS1_Frame,42.33919143676758,-71.08447265625,10.399999618530273,1.0,328285.375,4689541.5,202403.000,19,T
1675628644.305937,271,73444,0,GPS1_Frame,42.33919143676758,-71.08447265625,10.399999618530273,1.0,328285.375,4689541.5,202404.000,19,T
1675628645.3070798,272,73445,0,GPS1_Frame,42.33919143676758,-71.08447265625,10.399999618530273,1.0,328285.375,4689541.5,202405.000,19,T
1675628646.3064096,273,73446,0,GPS1_Frame,42.33919143676758,-71.08447265625,10.399999618530273,1.0,328285.375,4689541.5,202406.000,19,T
1675628647.308255,274,73447,0,GPS1_Frame,42.33919143676758,-71.08447265625,10.399999618530273,1.0,328285.375,4689541.5,202407.000,19,T
1675628648.3070962,275,73448,0,GPS1_Frame,42.33919143676758,-71.08447265625,10.399999618530273,1.0,328285.375,4689541.5,202408.000,19,T
1675628649.3081117,276,73449,0,GPS1_Frame,42.33919143676758,-71.08447265625,10.399999618530273,1.0,328285.375,4689541.5,202409.000,19,T
1675628650.3095975,277,73450,0,GPS1_Frame,42.33919143676758,-71.08447265625,10.399999618530273,1.0,328285.375,4689541.5,202410.000,19,T
1675628651.3048942,278,73451,0,GPS1_Frame,42.33919143676758,-71.08447265625,10.399999618530273,1.0,328285.375,4689541.5,202411.000,19,T
1675628652.3115764,279,73452,0,GPS1_Frame,42.33919143676758,-71.08447265625,10.399999618530273,1.0,328285.375,4689541.5,202412.000,19,T
1675628653.310873,280,73453,0,GPS1_Frame,42.33919143676758,-71.08447265625,10.399999618530273,1.0,328285.375,4689541.5,202413.000,19,T
1675628654.3113258,281,73454,0,GPS1_Frame,42.33919143676758,-71.08447265625,10.399999618530273,1.0,328285.375,4689541.5,202414.000,19,T
1675628655.3061373,282,73455,0,GPS1_Frame,42.33919143676758,-71.08447265625,10.399999618530273,1.0,328285.375,4689541.5,202415.000,19,T
1675628656.3061357,283,73456,0,GPS1_Frame,42.33919143676758,-71.08447265625,10.399999618530273,1.0,328285.375,4689541.5,202416.000,19,T
1675628657.297112,284,73457,0,GPS1_Frame,42.33919143676758,-71.08447265625,10.399999618530273,1.0,328285.375,4689541.5,202417.000,19,T
1675628658.306891,285,73458,0,GPS1_Frame,42.33919143676758,-71.08447265625,10.399999618530273,1.0,328285.375,4689541.5,202418.000,19,T
1675628659.29938,286,73459,0,GPS1_Frame,42.33919143676758,-71.08447265625,10.399999618530273,1.0,328285.375,4689541.5,202419.000,19,T
1675628660.2982347,287,73460,0,GPS1_Frame,42.33919143676758,-71.08447265625,10.399999618530273,1.0,328285.375,4689541.5,202420.000,19,T
1675628661.3080552,288,73461,0,GPS1_Frame,42.33919143676758,-71.08447265625,10.399999618530273,1.0,328285.375,4689541.5,202421.000,19,T
1675628662.2970624,289,73462,0,GPS1_Frame,42.33919143676758,-71.08447265625,10.399999618530273,1.0,328285.375,4689541.5,202422.000,19,T
1675628663.3077343,290,73463,0,GPS1_Frame,42.33919143676758,-71.08447265625,10.399999618530273,1.0,328285.375,4689541.5,202423.000,19,T
1675628664.2889032,291,73464,0,GPS1_Frame,42.33919143676758,-71.08447265625,10.399999618530273,1.0,328285.375,4689541.5,202424.000,19,T
1675628665.2885864,292,73465,0,GPS1_Frame,42.33919143676758,-71.08447265625,10.399999618530273,1.0,328285.375,4689541.5,202425.000,19,T
1675628666.2854528,293,73466,0,GPS1_Frame,42.33919143676758,-71.08447265625,10.399999618530273,1.0,328285.375,4689541.5,202426.000,19,T
1675628667.307438,294,73467,0,GPS1_Frame,42.33919143676758,-71.08447265625,10.399999618530273,1.0,328285.375,4689541.5,202427.000,19,T
1675628668.306855,295,73468,0,GPS1_Frame,42.33919143676758,-71.08447265625,10.399999618530273,1.0,328285.375,4689541.5,202428.000,19,T
1675628669.3054895,296,73469,0,GPS1_Frame,42.33919143676758,-71.08447265625,10.399999618530273,1.0,328285.375,4689541.5,202429.000,19,T
1675628670.3052278,297,73470,0,GPS1_Frame,42.33919143676758,-71.08447265625,10.399999618530273,1.0,328285.375,4689541.5,202430.000,19,T
1675628671.3055534,298,73471,0,GPS1_Frame,42.33919143676758,-71.08447265625,10.399999618530273,1.0,328285.375,4689541.5,202431.000,19,T
1675628672.3054597,299,73472,0,GPS1_Frame,42.33919143676758,-71.08447265625,10.399999618530273,1.0,328285.375,4689541.5,202432.000,19,T
1675628673.3080428,300,73473,0,GPS1_Frame,42.33919143676758,-71.08447265625,10.399999618530273,1.0,328285.375,4689541.5,202433.000,19,T
1675628674.310212,301,73474,0,GPS1_Frame,42.33919143676758,-71.08447265625,10.399999618530273,1.0,328285.375,4689541.5,202434.000,19,T
1675628675.3080282,302,73475,0,GPS1_Frame,42.33919143676758,-71.08447265625,10.399999618530273,1.0,328285.375,4689541.5,202435.000,19,T
1675628676.3082485,303,73476,0,GPS1_Frame,42.33919143676758,-71.08447265625,10.399999618530273,1.0,328285.375,4689541.5,202436.000,19,T
1675628677.305496,304,73477,0,GPS1_Frame,42.33919143676758,-71.08447265625,10.399999618530273,1.0,328285.375,4689541.5,202437.000,19,T
1675628678.308901,305,73478,0,GPS1_Frame,42.33919143676758,-71.08447265625,10.399999618530273,1.0,328285.375,4689541.5,202438.000,19,T
1675628679.3111796,306,73479,0,GPS1_Frame,42.33919143676758,-71.08447265625,10.399999618530273,1.0,328285.375,4689541.5,202439.000,19,T
1675628680.3126044,307,73480,0,GPS1_Frame,42.33919143676758,-71.08447265625,10.399999618530273,1.0,328285.375,4689541.5,202440.000,19,T
1675628681.3095922,308,73481,0,GPS1_Frame,42.33919143676758,-71.08447265625,10.399999618530273,1.0,328285.375,4689541.5,202441.000,19,T
1675628682.309711,309,73482,0,GPS1_Frame,42.33919143676758,-71.08447265625,10.399999618530273,1.0,328285.375,4689541.5,202442.000,19,T
1675628683.3118026,310,73483,0,GPS1_Frame,42.33919143676758,-71.08447265625,10.399999618530273,1.0,328285.375,4689541.5,202443.000,19,T
1675628684.3112662,311,73484,0,GPS1_Frame,42.33919143676758,-71.08447265625,10.399999618530273,1.0,328285.375,4689541.5,202444.000,19,T
1675628685.3120735,312,73485,0,GPS1_Frame,42.33919143676758,-71.08447265625,10.399999618530273,1.0,328285.375,4689541.5,202445.000,19,T
1675628686.311699,313,73486,0,GPS1_Frame,42.33919143676758,-71.08447265625,10.399999618530273,1.0,328285.375,4689541.5,202446.000,19,T
1675628687.314217,314,73487,0,GPS1_Frame,42.33919143676758,-71.08447265625,10.399999618530273,1.0,328285.375,4689541.5,202447.000,19,T
1675628688.3133469,315,73488,0,GPS1_Frame,42.33919143676758,-71.08447265625,10.399999618530273,1.0,328285.375,4689541.5,202448.000,19,T
1675628689.3131504,316,73489,0,GPS1_Frame,42.33919143676758,-71.08447265625,10.399999618530273,1.0,328285.375,4689541.5,202449.000,19,T
1675628690.3090575,317,73490,0,GPS1_Frame,42.33919143676758,-71.08447265625,10.399999618530273,1.0,328285.375,4689541.5,202450.000,19,T
1675628691.3103328,318,73491,0,GPS1_Frame,42.33919143676758,-71.08447265625,10.399999618530273,1.0,328285.375,4689541.5,202451.000,19,T
1675628692.3302245,319,73492,0,GPS1_Frame,42.33919143676758,-71.08447265625,10.399999618530273,1.0,328285.375,4689541.5,202452.000,19,T
1675628693.3098443,320,73493,0,GPS1_Frame,42.33919143676758,-71.08447265625,10.399999618530273,1.0,328285.375,4689541.5,202453.000,19,T
1675628694.3091953,321,73494,0,GPS1_Frame,42.33919143676758,-71.08447265625,10.399999618530273,1.0,328285.375,4689541.5,202454.000,19,T
1675628695.3133116,322,73495,0,GPS1_Frame,42.33919143676758,-71.08447265625,10.399999618530273,1.0,328285.375,4689541.5,202455.000,19,T
1675628696.3118572,323,73496,0,GPS1_Frame,42.33919143676758,-71.08447265625,10.399999618530273,1.0,328285.375,4689541.5,202456.000,19,T
1675628697.3059165,324,73497,0,GPS1_Frame,42.33919143676758,-71.08447265625,10.399999618530273,1.0,328285.375,4689541.5,202457.000,19,T
1675628698.3103507,325,73498,0,GPS1_Frame,42.33919143676758,-71.08447265625,10.399999618530273,1.0,328285.375,4689541.5,202458.000,19,T
1675628699.3124743,326,73499,0,GPS1_Frame,42.33919143676758,-71.08447265625,10.399999618530273,1.0,328285.375,4689541.5,202459.000,19,T
1675628700.3116472,327,73500,0,GPS1_Frame,42.33919143676758,-71.08447265625,10.399999618530273,1.0,328285.375,4689541.5,202500.000,19,T
1675628701.3114743,328,73501,0,GPS1_Frame,42.33919143676758,-71.08447265625,10.399999618530273,1.0,328285.375,4689541.5,202501.000,19,T
1675628702.3130977,329,73502,0,GPS1_Frame,42.33919143676758,-71.08447265625,10.399999618530273,1.0,328285.375,4689541.5,202502.000,19,T
1675628703.3122222,330,73503,0,GPS1_Frame,42.33919143676758,-71.08447265625,10.399999618530273,1.0,328285.375,4689541.5,202503.000,19,T
1675628704.3099189,331,73504,0,GPS1_Frame,42.33919143676758,-71.08447265625,10.399999618530273,1.0,328285.375,4689541.5,202504.000,19,T
1675628705.3102932,332,73505,0,GPS1_Frame,42.33919143676758,-71.08447265625,10.399999618530273,1.0,328285.375,4689541.5,202505.000,19,T
1675628706.3106961,333,73506,0,GPS1_Frame,42.33919143676758,-71.08447265625,10.399999618530273,1.0,328285.375,4689541.5,202506.000,19,T
1675628707.3127356,334,73507,0,GPS1_Frame,42.33919143676758,-71.08447265625,10.399999618530273,1.0,328285.375,4689541.5,202507.000,19,T
1675628708.306116,335,73508,0,GPS1_Frame,42.33919143676758,-71.08447265625,10.399999618530273,1.0,328285.375,4689541.5,202508.000,19,T
1675628709.2978282,336,73509,0,GPS1_Frame,42.33919143676758,-71.08447265625,10.399999618530273,1.0,328285.375,4689541.5,202509.000,19,T
1675628710.3055103,337,73510,0,GPS1_Frame,42.33919143676758,-71.08447265625,10.399999618530273,1.0,328285.375,4689541.5,202510.000,19,T
1675628711.2977374,338,73511,0,GPS1_Frame,42.33919143676758,-71.08447265625,10.399999618530273,1.0,328285.375,4689541.5,202511.000,19,T
1675628712.2970386,339,73512,0,GPS1_Frame,42.33919143676758,-71.08447265625,10.399999618530273,1.0,328285.375,4689541.5,202512.000,19,T
1675628713.2976217,340,73513,0,GPS1_Frame,42.33919143676758,-71.08447265625,10.399999618530273,1.0,328285.375,4689541.5,202513.000,19,T
1675628714.305086,341,73514,0,GPS1_Frame,42.33919143676758,-71.08447265625,10.399999618530273,1.0,328285.375,4689541.5,202514.000,19,T
1675628715.3061585,342,73515,0,GPS1_Frame,42.33919143676758,-71.08447265625,10.399999618530273,1.0,328285.375,4689541.5,202515.000,19,T
1675628716.3005824,343,73516,0,GPS1_Frame,42.33919143676758,-71.08447265625,10.399999618530273,1.0,328285.375,4689541.5,202516.000,19,T
1675628717.3076358,344,73517,0,GPS1_Frame,42.33919143676758,-71.08447265625,10.399999618530273,1.0,328285.375,4689541.5,202517.000,19,T
1675628718.297843,345,73518,0,GPS1_Frame,42.33919143676758,-71.08447265625,10.399999618530273,1.0,328285.375,4689541.5,202518.000,19,T
1675628719.3055224,346,73519,0,GPS1_Frame,42.33919143676758,-71.08447265625,10.399999618530273,1.0,328285.375,4689541.5,202519.000,19,T
1675628720.296289,347,73520,0,GPS1_Frame,42.33919143676758,-71.08447265625,10.399999618530273,1.0,328285.375,4689541.5,202520.000,19,T
1675628721.2958038,348,73521,0,GPS1_Frame,42.33919143676758,-71.08447265625,10.399999618530273,1.0,328285.375,4689541.5,202521.000,19,T
1675628722.306135,349,73522,0,GPS1_Frame,42.33919143676758,-71.08447265625,10.399999618530273,1.0,328285.375,4689541.5,202522.000,19,T
1675628723.3072464,350,73523,0,GPS1_Frame,42.33919143676758,-71.08447265625,10.399999618530273,1.0,328285.375,4689541.5,202523.000,19,T
1675628724.2996788,351,73524,0,GPS1_Frame,42.33919143676758,-71.08447265625,10.399999618530273,1.0,328285.375,4689541.5,202524.000,19,T
1675628725.3072858,352,73525,0,GPS1_Frame,42.33919143676758,-71.08447265625,10.399999618530273,1.0,328285.375,4689541.5,202525.000,19,T
1675628726.2984614,353,73526,0,GPS1_Frame,42.33919143676758,-71.08447265625,10.399999618530273,1.0,328285.375,4689541.5,202526.000,19,T
1675628727.2965868,354,73527,0,GPS1_Frame,42.33919143676758,-71.08447265625,10.399999618530273,1.0,328285.375,4689541.5,202527.000,19,T
1675628728.3057287,355,73528,0,GPS1_Frame,42.33919143676758,-71.08447265625,10.399999618530273,1.0,328285.375,4689541.5,202528.000,19,T
1675628729.3046618,356,73529,0,GPS1_Frame,42.33919143676758,-71.08447265625,10.399999618530273,1.0,328285.375,4689541.5,202529.000,19,T
1675628730.3084729,357,73530,0,GPS1_Frame,42.33919143676758,-71.08447265625,10.399999618530273,1.0,328285.375,4689541.5,202530.000,19,T
1675628731.3056202,358,73531,0,GPS1_Frame,42.33919143676758,-71.08447265625,10.399999618530273,1.0,328285.375,4689541.5,202531.000,19,T
1675628732.305353,359,73532,0,GPS1_Frame,42.33919143676758,-71.08447265625,10.399999618530273,1.0,328285.375,4689541.5,202532.000,19,T
1675628733.296401,360,73533,0,GPS1_Frame,42.33919143676758,-71.08447265625,10.399999618530273,1.0,328285.375,4689541.5,202533.000,19,T
1675628734.2856276,361,73534,0,GPS1_Frame,42.33919143676758,-71.08447265625,10.399999618530273,1.0,328285.375,4689541.5,202534.000,19,T
1675628735.2963915,362,73535,0,GPS1_Frame,42.33919143676758,-71.08447265625,10.399999618530273,1.0,328285.375,4689541.5,202535.000,19,T
1675628736.2937508,363,73536,0,GPS1_Frame,42.33919143676758,-71.08447265625,10.399999618530273,1.0,328285.375,4689541.5,202536.000,19,T
1675628737.3052356,364,73537,0,GPS1_Frame,42.33919143676758,-71.08447265625,10.399999618530273,1.0,328285.375,4689541.5,202537.000,19,T
1675628738.3079646,365,73538,0,GPS1_Frame,42.33919143676758,-71.08447265625,10.399999618530273,1.0,328285.375,4689541.5,202538.000,19,T
1675628739.3035052,366,73539,0,GPS1_Frame,42.33919143676758,-71.08447265625,10.399999618530273,1.0,328285.375,4689541.5,202539.000,19,T
1675628740.3040912,367,73540,0,GPS1_Frame,42.33919143676758,-71.08447265625,10.399999618530273,1.0,328285.375,4689541.5,202540.000,19,T
1675628741.3041594,368,73541,0,GPS1_Frame,42.33919143676758,-71.08447265625,10.399999618530273,1.0,328285.375,4689541.5,202541.000,19,T
1675628742.32195,369,73542,0,GPS1_Frame,42.33919143676758,-71.08447265625,10.300000190734863,1.0,328285.375,4689541.5,202542.000,19,T
1675628743.3039618,370,73543,0,GPS1_Frame,42.33919143676758,-71.08447265625,10.300000190734863,1.0,328285.375,4689541.5,202543.000,19,T
1675628744.3035483,371,73544,0,GPS1_Frame,42.33919143676758,-71.08447265625,10.300000190734863,1.0,328285.375,4689541.5,202544.000,19,T
1675628745.3029127,372,73545,0,GPS1_Frame,42.33919143676758,-71.08447265625,10.300000190734863,1.0,328285.375,4689541.5,202545.000,19,T
1675628746.3035867,373,73546,0,GPS1_Frame,42.33919143676758,-71.08447265625,10.300000190734863,1.0,328285.375,4689541.5,202546.000,19,T
1675628747.3037658,374,73547,0,GPS1_Frame,42.33919143676758,-71.08447265625,10.300000190734863,1.0,328285.375,4689541.5,202547.000,19,T
1675628748.3052251,375,73548,0,GPS1_Frame,42.33919143676758,-71.08447265625,10.300000190734863,1.0,328285.375,4689541.5,202548.000,19,T
1675628749.305334,376,73549,0,GPS1_Frame,42.33919143676758,-71.08447265625,10.300000190734863,1.0,328285.375,4689541.5,202549.000,19,T
1675628750.303486,377,73550,0,GPS1_Frame,42.33919143676758,-71.08447265625,10.300000190734863,1.0,328285.375,4689541.5,202550.000,19,T
1675628751.304344,378,73551,0,GPS1_Frame,42.33919143676758,-71.08447265625,10.300000190734863,1.0,328285.375,4689541.5,202551.000,19,T
1675628752.2847788,379,73552,0,GPS1_Frame,42.33919143676758,-71.08447265625,10.300000190734863,1.0,328285.375,4689541.5,202552.000,19,T
1675628753.2948718,380,73553,0,GPS1_Frame,42.33919143676758,-71.08447265625,10.300000190734863,1.0,328285.375,4689541.5,202553.000,19,T
1675628754.295091,381,73554,0,GPS1_Frame,42.33919143676758,-71.08447265625,10.300000190734863,1.0,328285.375,4689541.5,202554.000,19,T
1675628755.305163,382,73555,0,GPS1_Frame,42.33919143676758,-71.08447265625,10.300000190734863,1.0,328285.375,4689541.5,202555.000,19,T
1675628756.3049092,383,73556,0,GPS1_Frame,42.33919143676758,-71.08447265625,10.300000190734863,1.0,328285.375,4689541.5,202556.000,19,T
1675628757.3056526,384,73557,0,GPS1_Frame,42.33919143676758,-71.08447265625,10.300000190734863,1.0,328285.375,4689541.5,202557.000,19,T
1675628758.304438,385,73558,0,GPS1_Frame,42.33919143676758,-71.08447265625,10.300000190734863,1.0,328285.375,4689541.5,202558.000,19,T
1675628759.304073,386,73559,0,GPS1_Frame,42.33919143676758,-71.08447265625,10.300000190734863,1.0,328285.375,4689541.5,202559.000,19,T
1675628760.2859833,387,73560,0,GPS1_Frame,42.33919143676758,-71.08447265625,10.300000190734863,1.0,328285.375,4689541.5,202600.000,19,T
